latitude,longitude,coords
43.68599,-79.44476,POINT (-79.44476 43.68599)
43.76400994,-79.3261196,POINT (-79.32611959885489 43.764009943460096)
43.6770248,-79.5646773,POINT (-79.5646773 43.67702480000001)
43.64167754,-79.38096517,POINT (-79.38096517419329 43.641677539100414)
43.63746,-79.40085,POINT (-79.40085 43.63746)
43.64353,-79.52045,POINT (-79.52045 43.64353)
43.80691,-79.20882,POINT (-79.20882 43.80691)
43.65954,-79.4666,POINT (-79.4666 43.65954)
43.64102,-79.37785,POINT (-79.37785 43.64102)
43.6441279,-79.3894049,POINT (-79.3894049 43.6441279)
43.66002,-79.44892,POINT (-79.44892 43.66002)
43.64424128,-79.43048209,POINT (-79.43048209172139 43.64424127861943)
43.64880378,-79.38726673,POINT (-79.38726673462617 43.64880378447748)
43.64237,-79.39345,POINT (-79.39345 43.64237)
43.73823575,-79.29481358,POINT (-79.2948135792938 43.738235751825165)
43.64695,-79.39338,POINT (-79.39338 43.64695)
43.64216,-79.39588,POINT (-79.39588 43.64216)
43.78804878,-79.41049651,POINT (-79.41049651435887 43.78804877962202)
43.63082,-79.48534,POINT (-79.48534 43.63082)
43.67151,-79.43758,POINT (-79.43758 43.67151)
43.76965,-79.49873,POINT (-79.49873 43.76965)
43.65474151,-79.36854099,POINT (-79.36854099285934 43.6547415132057)
43.65166258,-79.38169439,POINT (-79.38169438814401 43.65166258060716)
43.68892,-79.4017,POINT (-79.4017 43.68892)
43.6403528,-79.4299349,POINT (-79.42993489999999 43.6403528)
43.64381,-79.39167,POINT (-79.39167 43.64381)
43.77353561,-79.25360255,POINT (-79.25360254674412 43.773535607711416)
43.72577038,-79.5210439,POINT (-79.52104389667511 43.72577037764542)
43.64641727,-79.39223251,POINT (-79.39223251220903 43.64641726569743)
43.678459,-79.4980063,POINT (-79.4980063 43.678459)
43.64127649,-79.38249675,POINT (-79.3824967495857 43.64127648667261)
43.64662215,-79.39008816,POINT (-79.39008816420352 43.64662214833843)
43.75878,-79.40393,POINT (-79.40393 43.75878)
43.78932823,-79.19513478,POINT (-79.19513478042602 43.78932823309162)
43.74907,-79.40607,POINT (-79.40607 43.74907)
43.60436,-79.52969,POINT (-79.52969 43.60436)
43.65551,-79.40162,POINT (-79.40162 43.65551)
43.6429622,-79.3806142,POINT (-79.3806142 43.6429622)
43.64580039,-79.42846635,POINT (-79.42846634821129 43.64580038818975)
43.76358,-79.49631,POINT (-79.49631 43.76358)
43.81107,-79.21615,POINT (-79.21615 43.81107)
43.7485131,-79.2506472,POINT (-79.2506472 43.7485131)
43.66906626,-79.43534464,POINT (-79.43534463644028 43.66906625712498)
43.65539,-79.39829,POINT (-79.39829 43.65539)
43.6396638,-79.3792757,POINT (-79.3792757 43.6396638)
43.6474271,-79.3995038,POINT (-79.39950379999999 43.64742709999999)
43.71254986,-79.5648789,POINT (-79.56487890332937 43.712549856395455)
43.6690866,-79.3997824,POINT (-79.39978239999999 43.6690866)
43.65172415,-79.56687361,POINT (-79.56687360582264 43.65172414971522)
43.63866,-79.54983,POINT (-79.54983 43.63866)
43.72152,-79.25496,POINT (-79.25496 43.72152)
43.65633,-79.36426,POINT (-79.36426 43.65633)
43.67129122,-79.39481071,POINT (-79.39481070947858 43.67129122195154)
43.74801,-79.28645,POINT (-79.28645 43.74801)
43.6330499,-79.4857021,POINT (-79.48570210000001 43.6330499)
43.67978843,-79.33093437,POINT (-79.3309343663546 43.6797884325333)
43.680836,-79.349274,POINT (-79.349274 43.680836)
43.67712,-79.38119,POINT (-79.38119 43.67712)
43.7487233,-79.34314872,POINT (-79.34314872215266 43.74872330266176)
43.65554,-79.42262,POINT (-79.42262 43.65554)
43.6423205,-79.4243624,POINT (-79.42436239999999 43.6423205)
43.67724,-79.40177,POINT (-79.40177 43.67724)
43.6732907,-79.3929303,POINT (-79.3929303 43.6732907)
43.74968953,-79.44434988,POINT (-79.44434988033424 43.74968953411031)
43.64194089,-79.38159348,POINT (-79.38159347875863 43.64194088754368)
43.67152102,-79.46300702,POINT (-79.46300702134872 43.67152101554135)
43.7535832,-79.6038815,POINT (-79.6038815 43.7535832)
43.65425,-79.36579,POINT (-79.36579 43.65425)
43.66026,-79.41657,POINT (-79.41657 43.66026)
43.75656955,-79.51186094,POINT (-79.51186093805197 43.756569551974)
43.66367,-79.37024,POINT (-79.37024 43.66367)
43.64239,-79.4038,POINT (-79.4038 43.64239)
43.66905203,-79.45112756,POINT (-79.45112755866188 43.66905202949855)
43.63807557,-79.3997153,POINT (-79.39971529590426 43.63807556973286)
43.76271,-79.34642,POINT (-79.34642 43.76271)
43.6451,-79.39153,POINT (-79.39153 43.6451)
43.64126,-79.44031,POINT (-79.44031 43.64126)
43.66392,-79.34049,POINT (-79.34049 43.66392)
43.65472,-79.37838,POINT (-79.37838 43.65472)
43.64887354,-79.40996912,POINT (-79.40996912422675 43.64887353634449)
43.80648556,-79.20861092,POINT (-79.20861091999745 43.80648556375162)
43.76072,-79.49562,POINT (-79.49562 43.76072)
43.6610955,-79.4513398,POINT (-79.4513398 43.66109549999999)
43.65784,-79.33893,POINT (-79.33893 43.65784)
43.65244,-79.37035,POINT (-79.37035 43.65244)
43.76247,-79.41042,POINT (-79.41042 43.76247)
43.66899,-79.39824,POINT (-79.39824 43.66899)
43.64239987,-79.38265002,POINT (-79.38265001677661 43.64239987133824)
43.63600972,-79.43442609,POINT (-79.43442608813295 43.63600971911543)
43.66035,-79.37108,POINT (-79.37108 43.66035)
43.6576902,-79.5287513,POINT (-79.5287513 43.6576902)
43.70020863,-79.30021541,POINT (-79.30021540587543 43.70020863185834)
43.65189,-79.39589,POINT (-79.39589 43.65189)
43.73804278,-79.59776985,POINT (-79.59776985256052 43.7380427768695)
43.64969335,-79.38113301,POINT (-79.38113301166017 43.64969334524151)
43.75268,-79.50301,POINT (-79.50301 43.75268)
43.64972275,-79.4250113,POINT (-79.42501129811247 43.6497227481724)
43.64338371,-79.42650563,POINT (-79.42650562645692 43.64338370745308)
43.67071,-79.41907,POINT (-79.41907 43.67071)
43.76909158,-79.4988718,POINT (-79.49887180317992 43.76909158385238)
43.67084758,-79.37816759,POINT (-79.37816759167448 43.67084757645047)
43.78433,-79.33758,POINT (-79.33758 43.78433)
43.65693,-79.41139,POINT (-79.41139 43.65693)
43.6676,-79.33602,POINT (-79.33602 43.6676)
43.79271,-79.40866,POINT (-79.40866 43.79271)
43.63936,-79.39794,POINT (-79.39794 43.63936)
43.654545,-79.394341,POINT (-79.394341 43.654545)
43.73934958,-79.2504933,POINT (-79.25049330055238 43.73934958174552)
43.67723761,-79.38201086,POINT (-79.3820108631285 43.677237608924266)
43.6441277,-79.3894058,POINT (-79.38940579999999 43.6441277)
43.70743154,-79.29417793,POINT (-79.2941779334996 43.70743153835116)
43.63917974,-79.41312177,POINT (-79.41312177235258 43.63917974216828)
43.64655,-79.42641,POINT (-79.42641 43.64655)
43.64349,-79.39051,POINT (-79.39051 43.64349)
43.64229322,-79.44432964,POINT (-79.4443296372297 43.64229322264035)
43.7834,-79.41838,POINT (-79.41838 43.7834)
43.75651,-79.3967,POINT (-79.3967 43.75651)
43.79234,-79.37217,POINT (-79.37217 43.79234)
43.64319,-79.37942,POINT (-79.37942 43.64319)
43.685929,-79.46105646,POINT (-79.46105645729861 43.68592900464999)
43.6390379,-79.38148235,POINT (-79.38148235110535 43.63903790004779)
43.64121,-79.38307,POINT (-79.38307 43.64121)
43.6752924,-79.4013484,POINT (-79.4013484 43.6752924)
43.74342674,-79.3269792,POINT (-79.32697920032193 43.74342674255656)
43.66735783,-79.39977149,POINT (-79.39977148735035 43.667357830183605)
43.78844,-79.43407,POINT (-79.43407 43.78844)
43.79839,-79.40922,POINT (-79.40922 43.79839)
43.71645443,-79.23630399,POINT (-79.23630399016504 43.71645443330992)
43.64516,-79.44499,POINT (-79.44499 43.64516)
43.65314,-79.4593,POINT (-79.4593 43.65314)
43.64188,-79.40053,POINT (-79.40053 43.64188)
43.63951,-79.42474,POINT (-79.42474 43.63951)
43.63818,-79.39978,POINT (-79.39978 43.63818)
43.65572,-79.46124,POINT (-79.46124 43.65572)
43.6860486,-79.52439601,POINT (-79.52439600972824 43.68604860137473)
43.6467782,-79.3919601,POINT (-79.3919600991042 43.64677820168837)
43.64035,-79.39107,POINT (-79.39107 43.64035)
43.6656243,-79.54997316,POINT (-79.54997315859872 43.665624298834594)
43.77957105,-79.4199475,POINT (-79.41994749804944 43.77957104724278)
43.77117375,-79.42934872,POINT (-79.42934872279302 43.771173753480944)
43.73805,-79.27765,POINT (-79.27765 43.73805)
43.6416463,-79.3808409,POINT (-79.38084089826796 43.64164629641577)
43.63987975,-79.39782332,POINT (-79.3978233183853 43.639879754696864)
43.79272171,-79.3097274,POINT (-79.30972739942929 43.79272170903483)
43.66996529,-79.42744653,POINT (-79.42744653398734 43.66996528975443)
43.63574,-79.40212,POINT (-79.40212 43.63574)
43.73071871,-79.52304259,POINT (-79.52304259002587 43.73071870961256)
43.64671,-79.39311,POINT (-79.39311 43.64671)
43.66424653,-79.42485208,POINT (-79.4248520819574 43.6642465298361)
43.67073006,-79.41412267,POINT (-79.41412266640901 43.67073006371003)
43.76421005,-79.5015427,POINT (-79.50154269556559 43.76421005369482)
43.63501,-79.43196,POINT (-79.43196 43.63501)
43.71237,-79.33041,POINT (-79.33041 43.71237)
43.66566057,-79.34841062,POINT (-79.34841062227622 43.66566056913152)
43.64284,-79.38093,POINT (-79.38093 43.64284)
43.69909,-79.27207,POINT (-79.27207 43.69909)
43.74765652,-79.24596892,POINT (-79.24596892191909 43.7476565209556)
43.68591,-79.29073,POINT (-79.29073 43.68591)
43.64892,-79.43301,POINT (-79.43301 43.64892)
43.79203,-79.37234,POINT (-79.37234 43.79203)
43.67351743,-79.46081371,POINT (-79.4608137122389 43.673517427370655)
43.67095,-79.39355,POINT (-79.39355 43.67095)
43.68900585,-79.32892108,POINT (-79.32892107728888 43.68900585257688)
43.64268224,-79.3807167,POINT (-79.38071669875377 43.64268224272245)
43.74316,-79.45005,POINT (-79.45005 43.74316)
43.64097702,-79.39842719,POINT (-79.39842719401362 43.64097701693602)
43.64186,-79.3815,POINT (-79.3815 43.64186)
43.66773,-79.45794,POINT (-79.45794 43.66773)
43.64051,-79.39689,POINT (-79.39689 43.64051)
43.66352,-79.46213,POINT (-79.46213 43.66352)
43.68029524,-79.44479033,POINT (-79.4447903257811 43.68029524269723)
43.64291,-79.38065,POINT (-79.38065 43.64291)
43.74897,-79.285049,POINT (-79.285049 43.74897)
43.66458292,-79.40977585,POINT (-79.40977585026245 43.664582923728986)
43.64693339,-79.39002555,POINT (-79.39002554842776 43.64693339407756)
43.76837,-79.50135,POINT (-79.50135 43.76837)
43.66109,-79.38692,POINT (-79.38692 43.66109)
43.77786,-79.44027,POINT (-79.44027 43.77786)
43.65263,-79.37843,POINT (-79.37843 43.65263)
43.75586,-79.57854,POINT (-79.57854 43.75586)
43.75923726,-79.41097388,POINT (-79.41097388332365 43.75923725712646)
43.66393,-79.37568,POINT (-79.37568 43.66393)
43.64278212,-79.38069534,POINT (-79.38069534247505 43.64278212444231)
43.6786567,-79.360405,POINT (-79.360405 43.6786567)
43.72424,-79.61745,POINT (-79.61745 43.72424)
43.640442,-79.3973253,POINT (-79.3973253 43.640442)
43.64436,-79.39031,POINT (-79.39031 43.64436)
43.671541,-79.38344574,POINT (-79.38344573879604 43.67154099586609)
43.66897,-79.35101,POINT (-79.35101 43.66897)
43.64117,-79.39812,POINT (-79.39812 43.64117)
43.59721,-79.52082,POINT (-79.52082 43.59721)
43.64413,-79.3894,POINT (-79.3894 43.64413)
43.64012,-79.3931,POINT (-79.3931 43.64012)
43.65091,-79.36912,POINT (-79.36912 43.65091)
43.72350414,-79.60344112,POINT (-79.60344111904908 43.72350413559617)
43.754193,-79.6016243,POINT (-79.6016243 43.754193)
43.64333862,-79.38876609,POINT (-79.38876608717595 43.64333862231051)
43.7758317,-79.4186316,POINT (-79.4186316 43.7758317)
43.61330063,-79.49027552,POINT (-79.49027551687952 43.61330063295564)
43.78877588,-79.39988608,POINT (-79.39988607886204 43.78877588054198)
43.7771499,-79.41272736,POINT (-79.41272735629715 43.77714990189703)
43.7959413,-79.416342,POINT (-79.416342 43.7959413)
43.66683,-79.44663,POINT (-79.44663 43.66683)
43.64491,-79.39272,POINT (-79.39272 43.64491)
43.65609,-79.46916,POINT (-79.46916 43.65609)
43.63763524,-79.40420559,POINT (-79.4042055876298 43.63763523685399)
43.64137672,-79.38231224,POINT (-79.38231223596044 43.64137671523512)
43.79226,-79.16415,POINT (-79.16415 43.79226)
43.78819,-79.41043,POINT (-79.41043 43.78819)
43.67123,-79.29435,POINT (-79.29435 43.67123)
43.6671529,-79.3140749,POINT (-79.3140749 43.6671529)
43.64148,-79.39785,POINT (-79.39785 43.64148)
43.6399,-79.39786,POINT (-79.39786 43.6399)
43.78414,-79.44422,POINT (-79.44422 43.78414)
43.64152,-79.38137,POINT (-79.38137 43.64152)
43.82792238,-79.22977452,POINT (-79.22977451904907 43.82792237984451)
43.64108255,-79.38269428,POINT (-79.38269428062665 43.64108255359227)
43.5927419,-79.5403301,POINT (-79.54033009999999 43.5927419)
43.6139646,-79.4977614,POINT (-79.4977614 43.6139646)
43.64487,-79.4094,POINT (-79.4094 43.64487)
43.67183,-79.40161,POINT (-79.40161 43.67183)
43.68147,-79.39429,POINT (-79.39429 43.68147)
43.63935,-79.39851,POINT (-79.39851 43.63935)
43.63614,-79.40497,POINT (-79.40497 43.63614)
43.774601,-79.387009,POINT (-79.387009 43.774601)
43.67280944,-79.4399758,POINT (-79.43997580092106 43.67280943685275)
43.64442,-79.38998,POINT (-79.38998 43.64442)
43.64593,-79.54413,POINT (-79.54413 43.64593)
43.7207498,-79.47582032,POINT (-79.47582032477305 43.72074979887972)
43.646244,-79.432358,POINT (-79.432358 43.646244)
43.64641,-79.39277,POINT (-79.39277 43.64641)
43.79362,-79.14438,POINT (-79.14438 43.79362)
43.66373,-79.4061,POINT (-79.4061 43.66373)
43.74029071,-79.55523053,POINT (-79.55523053180204 43.74029070632199)
43.79273,-79.3116,POINT (-79.3116 43.79273)
43.63897112,-79.3968127,POINT (-79.39681270346837 43.63897112478047)
43.65167,-79.38278,POINT (-79.38278 43.65167)
43.6698993,-79.3943174,POINT (-79.39431739999999 43.6698993)
43.6623086,-79.4250112,POINT (-79.4250112 43.6623086)
43.66528803,-79.38850176,POINT (-79.38850175619429 43.66528802873131)
43.799483,-79.2723172,POINT (-79.2723172 43.799483)
43.6703938,-79.3943028,POINT (-79.39430279999999 43.6703938)
43.62737841,-79.51674768,POINT (-79.51674767547404 43.62737840870937)
43.6475172,-79.3927031,POINT (-79.39270309999999 43.6475172)
43.6397827,-79.3979467,POINT (-79.39794669999999 43.6397827)
43.6403215,-79.53753093,POINT (-79.53753093170535 43.64032149846096)
43.65863,-79.4616,POINT (-79.4616 43.65863)
43.67048,-79.40324,POINT (-79.40324 43.67048)
43.66073,-79.40918,POINT (-79.40918 43.66073)
43.72191,-79.43614,POINT (-79.43614 43.72191)
43.70178172,-79.28678269,POINT (-79.28678268940463 43.70178171581269)
43.77205,-79.38257,POINT (-79.38257 43.77205)
43.63658666,-79.40466017,POINT (-79.4046601653099 43.636586656700345)
43.6448,-79.38929,POINT (-79.38929 43.6448)
43.6519017,-79.3772165,POINT (-79.37721650000002 43.6519017)
43.67187869,-79.39330728,POINT (-79.39330728125891 43.67187869284136)
43.64488,-79.38885,POINT (-79.38885 43.64488)
43.68144,-79.42118,POINT (-79.42118 43.68144)
43.77535,-79.32872,POINT (-79.32872 43.77535)
43.73484,-79.43895,POINT (-79.43895 43.73484)
43.62909,-79.47867,POINT (-79.47867 43.62909)
43.63743,-79.41447,POINT (-79.41447 43.63743)
43.6417442,-79.3819559,POINT (-79.3819559 43.6417442)
43.7972531,-79.1731285,POINT (-79.17312849999999 43.7972531)
43.6109423,-79.5515309,POINT (-79.5515309 43.6109423)
43.64721,-79.39853,POINT (-79.39853 43.64721)
43.6399752,-79.3814884,POINT (-79.3814884 43.63997519999999)
43.67256,-79.38828,POINT (-79.38828 43.67256)
43.64704,-79.39151,POINT (-79.39151 43.64704)
43.662848,-79.4158693,POINT (-79.4158693 43.662848)
43.65703,-79.46719,POINT (-79.46719 43.65703)
43.6402911,-79.5266869,POINT (-79.5266869 43.6402911)
43.63739364,-79.42191143,POINT (-79.42191143038042 43.63739363763378)
43.6703397,-79.2954098,POINT (-79.2954098 43.6703397)
43.65119563,-79.43914083,POINT (-79.43914082627363 43.651195634978855)
43.64442,-79.39313,POINT (-79.39313 43.64442)
43.65376,-79.48559,POINT (-79.48559 43.65376)
43.73057067,-79.39207859,POINT (-79.3920785933733 43.73057066740155)
43.64939,-79.42557,POINT (-79.42557 43.64939)
43.64634,-79.39371,POINT (-79.39371 43.64634)
43.71862636,-79.42874295,POINT (-79.42874295400703 43.71862636398208)
43.65942,-79.34508,POINT (-79.34508 43.65942)
43.79759,-79.29047,POINT (-79.29047 43.79759)
43.6441277,-79.3894058,POINT (-79.38940579999999 43.6441277)
43.68276,-79.29923,POINT (-79.29923 43.68276)
43.64732,-79.40889,POINT (-79.40889 43.64732)
43.80352,-79.34902,POINT (-79.34902 43.80352)
43.7359472,-79.4795412,POINT (-79.4795412 43.73594720000001)
43.64277819,-79.38391989,POINT (-79.38391989209507 43.64277818914495)
43.80093,-79.23132,POINT (-79.23132 43.80093)
43.7299587,-79.58552,POINT (-79.58552000053852 43.7299586961263)
43.68276,-79.42354,POINT (-79.42354 43.68276)
43.7183988,-79.42917616,POINT (-79.42917615916758 43.71839880429063)
43.70494,-79.43906,POINT (-79.43906 43.70494)
43.6689,-79.39401,POINT (-79.39401 43.6689)
43.64877,-79.48769,POINT (-79.48769 43.64877)
43.6584939,-79.4346202,POINT (-79.4346202 43.6584939)
43.72546755,-79.48889745,POINT (-79.48889744563796 43.72546754870614)
43.74336,-79.24603,POINT (-79.24603 43.74336)
43.63410858,-79.40288508,POINT (-79.40288508263552 43.63410858301716)
43.79437756,-79.40024159,POINT (-79.4002415918368 43.7943775641993)
43.64649884,-79.37415879,POINT (-79.37415878955923 43.64649884382721)
43.64187,-79.4112,POINT (-79.4112 43.64187)
43.58916,-79.53253,POINT (-79.53253 43.58916)
43.71789123,-79.24681023,POINT (-79.24681022731306 43.71789122853359)
43.63700695,-79.40674736,POINT (-79.40674735924917 43.63700694745721)
43.67001672,-79.29149099,POINT (-79.29149098956901 43.67001671772229)
43.6386,-79.41742,POINT (-79.41742 43.6386)
43.67004,-79.37593,POINT (-79.37593 43.67004)
43.65249658,-79.39284139,POINT (-79.39284139191388 43.65249658071127)
43.65194033,-79.39467428,POINT (-79.39467428461423 43.6519403269647)
43.78638,-79.1335,POINT (-79.1335 43.78638)
43.74486,-79.32712,POINT (-79.32712 43.74486)
43.66804,-79.42248,POINT (-79.42248 43.66804)
43.726463,-79.585869,POINT (-79.585869 43.726463)
43.64370364,-79.3837751,POINT (-79.38377510461602 43.64370364046184)
43.77098874,-79.24115074,POINT (-79.24115074232787 43.77098873641143)
43.64629,-79.40394,POINT (-79.40394 43.64629)
43.63956,-79.42985,POINT (-79.42985 43.63956)
43.64409,-79.40168,POINT (-79.40168 43.64409)
43.71871,-79.25226,POINT (-79.25226 43.71871)
43.64134,-79.39514,POINT (-79.39514 43.64134)
43.66222,-79.44434,POINT (-79.44434 43.66222)
43.65154639,-79.44080607,POINT (-79.44080606687568 43.65154638868507)
43.69714,-79.43827,POINT (-79.43827 43.69714)
43.78865399,-79.24516038,POINT (-79.2451603758512 43.78865399473121)
43.66491501,-79.42699321,POINT (-79.4269932074573 43.66491501340178)
43.63661807,-79.40536482,POINT (-79.40536481882263 43.636618073576905)
43.74488098,-79.31069512,POINT (-79.31069511857972 43.74488097623043)
43.70442,-79.52629,POINT (-79.52629 43.70442)
43.66996399,-79.39319702,POINT (-79.39319702479759 43.66996398867935)
43.65697,-79.37356,POINT (-79.37356 43.65697)
43.63974569,-79.53557512,POINT (-79.53557512000829 43.63974569453154)
43.65193613,-79.45386524,POINT (-79.45386523642118 43.65193613066322)
43.648282,-79.4101478,POINT (-79.41014779999999 43.64828199999999)
43.67574,-79.39815,POINT (-79.39815 43.67574)
43.6756,-79.35789,POINT (-79.35789 43.6756)
43.64892,-79.4254,POINT (-79.4254 43.64892)
43.67005,-79.41035,POINT (-79.41035 43.67005)
43.75313,-79.49633,POINT (-79.49633 43.75313)
43.73323,-79.59381,POINT (-79.59381 43.73323)
43.76684,-79.50268,POINT (-79.50268 43.76684)
43.74895,-79.45489,POINT (-79.45489 43.74895)
43.6567,-79.43912,POINT (-79.43912 43.6567)
43.65003,-79.40816,POINT (-79.40816 43.65003)
43.63988466,-79.39803947,POINT (-79.39803946763277 43.639884661002256)
43.64128,-79.40521,POINT (-79.40521 43.64128)
43.6263962,-79.47953267,POINT (-79.47953266907601 43.62639619779522)
43.64363,-79.38852,POINT (-79.38852 43.64363)
43.64297,-79.38127,POINT (-79.38127 43.64297)
43.6432538,-79.3761506,POINT (-79.3761506 43.6432538)
43.64654,-79.44768,POINT (-79.44768 43.64654)
43.77975,-79.32434,POINT (-79.32434 43.77975)
43.64824,-79.40546,POINT (-79.40546 43.64824)
43.69395,-79.4822,POINT (-79.4822 43.69395)
43.66362382,-79.55271952,POINT (-79.55271952158593 43.66362382033877)
43.78679,-79.35729,POINT (-79.35729 43.78679)
43.75568,-79.42623,POINT (-79.42623 43.75568)
43.63919783,-79.39693203,POINT (-79.39693202828633 43.639197834837525)
43.66856,-79.34864,POINT (-79.34864 43.66856)
43.67035,-79.39434,POINT (-79.39434 43.67035)
43.69977,-79.39299,POINT (-79.39299 43.69977)
43.64204022,-79.40709097,POINT (-79.40709097043894 43.64204022012813)
43.68377152,-79.44841001,POINT (-79.44841001169108 43.683771520742496)
43.642883,-79.380615,POINT (-79.380615 43.642883)
43.65507,-79.39127,POINT (-79.39127 43.65507)
43.76661,-79.38326,POINT (-79.38326 43.76661)
43.6607636,-79.4169686,POINT (-79.41696859999999 43.6607636)
43.67987,-79.44622,POINT (-79.44622 43.67987)
43.64255219,-79.44834365,POINT (-79.44834364596093 43.64255218909857)
43.65891,-79.42454,POINT (-79.42454 43.65891)
43.79817,-79.41694,POINT (-79.41694 43.79817)
43.74123,-79.52365,POINT (-79.52365 43.74123)
43.64259894,-79.41390256,POINT (-79.41390255902125 43.64259894199688)
43.73569,-79.47651,POINT (-79.47650999999999 43.73569)
43.6717863,-79.3875929,POINT (-79.3875929 43.6717863)
43.76932,-79.49885,POINT (-79.49885 43.76932)
43.77094,-79.18969,POINT (-79.18969 43.77094)
43.67432,-79.56768,POINT (-79.56768 43.67432)
43.66095,-79.37096,POINT (-79.37096 43.66095)
43.65935,-79.58058,POINT (-79.58058 43.65935)
43.7917875,-79.424916,POINT (-79.424916 43.7917875)
43.7812,-79.30652,POINT (-79.30652 43.7812)
43.67658127,-79.42408339,POINT (-79.42408339079853 43.676581266099504)
43.79095,-79.35909,POINT (-79.35909 43.79095)
43.59178,-79.54097,POINT (-79.54097 43.59178)
43.67128218,-79.42218614,POINT (-79.42218614335187 43.67128218167931)
43.6576902,-79.5287513,POINT (-79.5287513 43.6576902)
43.64418,-79.40586,POINT (-79.40586 43.64418)
43.70166,-79.38164,POINT (-79.38164 43.70166)
43.63963,-79.39834,POINT (-79.39834 43.63963)
43.66186,-79.38425,POINT (-79.38425 43.66186)
43.73326681,-79.53599428,POINT (-79.53599427605889 43.73326680736556)
43.64831,-79.39359,POINT (-79.39359 43.64831)
43.67457,-79.39135,POINT (-79.39135 43.67457)
43.66413,-79.36842,POINT (-79.36842 43.66413)
43.65495346,-79.45371849,POINT (-79.45371848514478 43.6549534640827)
43.64736,-79.42961,POINT (-79.42961 43.64736)
43.747547,-79.2562594,POINT (-79.25625939999999 43.747547)
43.65962,-79.40837,POINT (-79.40837 43.65962)
43.76581,-79.17798,POINT (-79.17798 43.76581)
43.65023,-79.38886,POINT (-79.38886 43.65023)
43.792331,-79.4332219,POINT (-79.43322189999999 43.792331)
43.74318087,-79.43584445,POINT (-79.43584445214289 43.74318086983698)
43.65797734,-79.38423983,POINT (-79.38423982635742 43.65797733828894)
43.64172,-79.40112,POINT (-79.40112 43.64172)
43.72421,-79.45309,POINT (-79.45309 43.72421)
43.68067,-79.43445,POINT (-79.43445 43.68067)
43.71039,-79.33494,POINT (-79.33494 43.71039)
43.64272,-79.4145,POINT (-79.4145 43.64272)
43.74147,-79.30859,POINT (-79.30859 43.74147)
43.6527,-79.3705,POINT (-79.3705 43.6527)
43.72312,-79.39313,POINT (-79.39313 43.72312)
43.6435,-79.4006,POINT (-79.4006 43.6435)
43.6795,-79.41927,POINT (-79.41927 43.6795)
43.636642,-79.4057224,POINT (-79.4057224 43.63664199999999)
43.77595,-79.42085,POINT (-79.42085 43.77595)
43.76161,-79.40959,POINT (-79.40959 43.76161)
43.6893,-79.4937,POINT (-79.4937 43.6893)
43.66112005,-79.38713969,POINT (-79.38713968853604 43.66112004538581)
43.6545,-79.36307,POINT (-79.36307 43.6545)
43.64288,-79.38062,POINT (-79.38062 43.64288)
43.63777386,-79.40456739,POINT (-79.40456738836214 43.637773857730686)
43.69547,-79.45923,POINT (-79.45923 43.69547)
43.5936544,-79.5220985,POINT (-79.5220985 43.5936544)
43.64184,-79.39926,POINT (-79.39926 43.64184)
43.64358,-79.39608,POINT (-79.39608 43.64358)
43.6397827,-79.3979467,POINT (-79.39794669999999 43.6397827)
43.69117,-79.30364,POINT (-79.30364 43.69117)
43.67045,-79.43781,POINT (-79.43781 43.67045)
43.6716522,-79.4401351,POINT (-79.44013509999999 43.6716522)
43.66137,-79.42679,POINT (-79.42679 43.66137)
43.6446367,-79.4446066,POINT (-79.4446066 43.6446367)
43.67238046,-79.46292132,POINT (-79.46292131933626 43.67238046298302)
43.7052484,-79.4033219,POINT (-79.4033219 43.7052484)
43.6980875,-79.440912,POINT (-79.44091200069768 43.69808749849663)
43.64797,-79.42558,POINT (-79.42558 43.64797)
43.59997,-79.5105,POINT (-79.5105 43.59997)
43.6666189,-79.44643079,POINT (-79.44643079165812 43.66661890093568)
43.6404039,-79.3973086,POINT (-79.3973086 43.6404039)
43.67399594,-79.28647897,POINT (-79.28647896758218 43.67399594370664)
43.71474898,-79.36644847,POINT (-79.36644847212722 43.714748983562586)
43.6697824,-79.3942951,POINT (-79.3942951 43.6697824)
43.64656,-79.42425,POINT (-79.42425 43.64656)
43.68479,-79.42998,POINT (-79.42998 43.68479)
43.64694,-79.42699,POINT (-79.42699 43.64694)
43.65404,-79.38569,POINT (-79.38569 43.65404)
43.64833,-79.36247,POINT (-79.36247 43.64833)
43.66121,-79.48174,POINT (-79.48174 43.66121)
43.6445476,-79.5204313,POINT (-79.52043129550998 43.644547602134494)
43.6462501,-79.39487522,POINT (-79.39487521852415 43.64625009695396)
43.75979,-79.40893,POINT (-79.40893 43.75979)
43.70528,-79.49877,POINT (-79.49877 43.70528)
43.70473,-79.26968,POINT (-79.26968 43.70473)
43.78949534,-79.40007425,POINT (-79.40007425279089 43.78949533762849)
43.65249505,-79.41071709,POINT (-79.41071709389601 43.652495047992446)
43.74289,-79.29885,POINT (-79.29885 43.74289)
43.68925,-79.44199,POINT (-79.44199 43.68925)
43.6664188,-79.3025206,POINT (-79.3025206 43.6664188)
43.67152,-79.38887,POINT (-79.38887 43.67152)
43.64086,-79.43891,POINT (-79.43891 43.64086)
43.76789697,-79.49940378,POINT (-79.49940377745881 43.76789697241095)
43.64858991,-79.43468764,POINT (-79.43468764172401 43.64858990640187)
43.79209457,-79.36324432,POINT (-79.36324432156252 43.79209457304918)
43.67542286,-79.40375559,POINT (-79.4037555943649 43.67542286467019)
43.72635,-79.47859,POINT (-79.47859 43.72635)
43.78855,-79.33688,POINT (-79.33688 43.78855)
43.66486891,-79.40491785,POINT (-79.40491785279713 43.66486890987012)
43.64307,-79.38865,POINT (-79.38865 43.64307)
43.66088,-79.40969,POINT (-79.40969 43.66088)
43.766219,-79.40658561,POINT (-79.40658561264314 43.76621900073274)
43.63703,-79.43037,POINT (-79.43037 43.63703)
43.82186284,-79.30642611,POINT (-79.30642610613567 43.821862838983805)
43.72704,-79.48599,POINT (-79.48599 43.72704)
43.6565898,-79.4233838,POINT (-79.4233838 43.6565898)
43.6424,-79.38068,POINT (-79.38068 43.6424)
43.6594674,-79.3855404,POINT (-79.3855404 43.6594674)
43.64496,-79.3901,POINT (-79.3901 43.64496)
43.67173,-79.30386,POINT (-79.30386 43.67173)
43.77539236,-79.40014684,POINT (-79.4001468439053 43.77539236112928)
43.66236,-79.42333,POINT (-79.42333 43.66236)
43.65268,-79.36989,POINT (-79.36989 43.65268)
43.64016,-79.37792,POINT (-79.37792 43.64016)
43.69728,-79.5299,POINT (-79.5299 43.69728)
43.73833,-79.30411,POINT (-79.30411 43.73833)
43.6556336,-79.4056201,POINT (-79.4056201 43.65563359999999)
43.67615344,-79.46281695,POINT (-79.46281694818973 43.67615344083954)
43.70012,-79.39274,POINT (-79.39274 43.70012)
43.77712,-79.30306,POINT (-79.30306 43.77712)
43.67965,-79.44329,POINT (-79.44329 43.67965)
43.6398431,-79.3979199,POINT (-79.39791989999999 43.6398431)
43.74817,-79.2849,POINT (-79.2849 43.74817)
43.78843852,-79.27693161,POINT (-79.27693161201567 43.78843852286824)
43.66638,-79.37552,POINT (-79.37552 43.66638)
43.71644423,-79.23453227,POINT (-79.23453226593601 43.71644422746736)
43.66329,-79.46055,POINT (-79.46055 43.66329)
43.70938,-79.25895,POINT (-79.25895 43.70938)
43.74674801,-79.39312901,POINT (-79.39312901347876 43.74674800973946)
43.64112,-79.39555,POINT (-79.39555 43.64112)
43.78797,-79.17955,POINT (-79.17955 43.78797)
43.6369659,-79.4046643,POINT (-79.4046643 43.6369659)
43.6473,-79.40864,POINT (-79.40864 43.6473)
43.64777847,-79.42247602,POINT (-79.42247602076655 43.64777846517495)
43.6370843,-79.4045175,POINT (-79.4045175 43.6370843)
43.6407647,-79.3955849,POINT (-79.39558490000002 43.6407647)
43.8006339,-79.2953486,POINT (-79.2953486 43.8006339)
43.65869279,-79.38229313,POINT (-79.3822931270352 43.6586927871449)
43.6426,-79.38253,POINT (-79.38253 43.6426)
43.64643,-79.39805,POINT (-79.39805 43.64643)
43.69326,-79.26195,POINT (-79.26195 43.69326)
43.60597,-79.53062,POINT (-79.53062 43.60597)
43.6464934,-79.39215848,POINT (-79.39215848084862 43.64649340417298)
43.66555,-79.3845,POINT (-79.3845 43.66555)
43.68585046,-79.39200091,POINT (-79.39200091477169 43.685850458734784)
43.64373685,-79.38161224,POINT (-79.38161223589769 43.64373685451889)
43.77113,-79.13905,POINT (-79.13905 43.77113)
43.77975,-79.42123,POINT (-79.42123 43.77975)
43.6409,-79.39679,POINT (-79.39679 43.6409)
43.66169,-79.33748,POINT (-79.33748 43.66169)
43.68139,-79.31107,POINT (-79.31107 43.68139)
43.66489887,-79.47199945,POINT (-79.47199945147148 43.6648988705517)
43.6647727,-79.3869867,POINT (-79.3869867 43.6647727)
43.64162,-79.39887,POINT (-79.39887 43.64162)
43.6703938,-79.3943028,POINT (-79.39430279999999 43.6703938)
43.66803004,-79.37094085,POINT (-79.37094084558484 43.668030044606816)
43.7499,-79.458,POINT (-79.458 43.7499)
43.66216,-79.40804,POINT (-79.40804 43.66216)
43.670822,-79.2993492,POINT (-79.2993492 43.670822)
43.66019,-79.41682,POINT (-79.41682 43.66019)
43.64357318,-79.43833192,POINT (-79.43833191577583 43.64357318487775)
43.65117,-79.36789,POINT (-79.36789 43.65117)
43.65402,-79.47772,POINT (-79.47772 43.65402)
43.6563,-79.41155,POINT (-79.41155 43.6563)
43.73598838,-79.40566326,POINT (-79.40566326071959 43.73598837568916)
43.67025,-79.29493,POINT (-79.29493 43.67025)
43.67856,-79.48232,POINT (-79.48232 43.67856)
43.77945,-79.40318,POINT (-79.40318 43.77945)
43.74362745,-79.32506711,POINT (-79.32506710532108 43.743627446042055)
43.65113513,-79.41023375,POINT (-79.41023375243533 43.65113513399088)
43.66236,-79.33329,POINT (-79.33329 43.66236)
43.7610809,-79.41007919,POINT (-79.41007919416424 43.76108090033426)
43.79044,-79.31871,POINT (-79.31871 43.79044)
43.66672,-79.43072,POINT (-79.43072 43.66672)
43.64059,-79.41059,POINT (-79.41059 43.64059)
43.65822233,-79.37360358,POINT (-79.37360358285429 43.6582223303956)
43.66358,-79.37145,POINT (-79.37145 43.66358)
43.652,-79.45386,POINT (-79.45386 43.652)
43.67817,-79.44362,POINT (-79.44362 43.67817)
43.67718,-79.41454,POINT (-79.41454 43.67718)
43.76572,-79.50344,POINT (-79.50344 43.76572)
43.65643,-79.39126,POINT (-79.39126 43.65643)
43.81909607,-79.27850012,POINT (-79.27850012151265 43.81909607427856)
43.68381,-79.41279,POINT (-79.41279 43.68381)
43.66417,-79.34944,POINT (-79.34944 43.66417)
43.6454055,-79.4081569,POINT (-79.4081569 43.6454055)
43.7092032,-79.2735199,POINT (-79.2735199 43.7092032)
43.66273,-79.42681,POINT (-79.42681 43.66273)
43.66441,-79.38985,POINT (-79.38985 43.66441)
43.74479,-79.30857,POINT (-79.30857 43.74479)
43.65514868,-79.41831395,POINT (-79.41831395030022 43.65514868045471)
43.67271,-79.43872,POINT (-79.43872 43.67271)
43.68213,-79.42702,POINT (-79.42702 43.68213)
43.67889,-79.35325,POINT (-79.35325 43.67889)
43.59341,-79.54125,POINT (-79.54125 43.59341)
43.67677,-79.33866,POINT (-79.33866 43.67677)
43.78998,-79.44307,POINT (-79.44307 43.78998)
43.67159802,-79.41631346,POINT (-79.41631346321661 43.67159801684036)
43.65994,-79.36827,POINT (-79.36827 43.65994)
43.67578,-79.39897,POINT (-79.39897 43.67578)
43.64521,-79.38976,POINT (-79.38976 43.64521)
43.64549,-79.37537,POINT (-79.37537 43.64549)
43.64337,-79.38193,POINT (-79.38193 43.64337)
43.79286446,-79.31115866,POINT (-79.31115865539351 43.79286446210418)
43.79503423,-79.40024195,POINT (-79.40024194912907 43.7950342305115)
43.76253,-79.52281,POINT (-79.52281 43.76253)
43.66099,-79.43504,POINT (-79.43504 43.66099)
43.66554,-79.38338,POINT (-79.38338 43.66554)
43.6487686,-79.4219089,POINT (-79.42190889999999 43.6487686)
43.67813113,-79.44579996,POINT (-79.44579996284298 43.67813113422375)
43.63791,-79.38595,POINT (-79.38595 43.63791)
43.64972248,-79.47725996,POINT (-79.47725995700925 43.64972248066461)
43.63953748,-79.39632602,POINT (-79.39632601547395 43.63953748241445)
43.76735,-79.49976,POINT (-79.49976 43.76735)
43.65519,-79.35391,POINT (-79.35391 43.65519)
43.66711,-79.446,POINT (-79.446 43.66711)
43.6830918,-79.46407305,POINT (-79.46407305241921 43.68309180146721)
43.65792,-79.5625,POINT (-79.5625 43.65792)
43.78323,-79.35628,POINT (-79.35628 43.78323)
43.66199963,-79.36496612,POINT (-79.36496612304144 43.66199963347837)
43.65428566,-79.36944804,POINT (-79.36944803693129 43.654285661788)
43.6408,-79.38228,POINT (-79.38228 43.6408)
43.6397827,-79.3979467,POINT (-79.39794669999999 43.6397827)
43.6491084,-79.3660169,POINT (-79.36601689999999 43.6491084)
43.76545,-79.21086,POINT (-79.21086 43.76545)
43.64016171,-79.39706117,POINT (-79.3970611737176 43.640161708499335)
43.6576902,-79.5287513,POINT (-79.5287513 43.6576902)
43.64266,-79.39139,POINT (-79.39139 43.64266)
43.8039827,-79.37729362,POINT (-79.3772936151418 43.80398270113314)
43.66965,-79.41708,POINT (-79.41708 43.66965)
43.64350588,-79.42838069,POINT (-79.42838069051733 43.64350587758117)
43.64886,-79.38748,POINT (-79.38748 43.64886)
43.62056,-79.50065,POINT (-79.50065 43.62056)
43.75784,-79.3955,POINT (-79.3955 43.75784)
43.65859,-79.41056,POINT (-79.41056 43.65859)
43.67013,-79.41524,POINT (-79.41524 43.67013)
43.78765,-79.26527,POINT (-79.26527 43.78765)
43.65896,-79.42488,POINT (-79.42488 43.65896)
43.64224015,-79.37977308,POINT (-79.37977307647323 43.64224014833412)
43.6444441,-79.3763883,POINT (-79.3763883 43.6444441)
43.73456,-79.47941,POINT (-79.47941 43.73456)
43.72221,-79.50032,POINT (-79.50032 43.72221)
43.6334785,-79.4952485,POINT (-79.4952485 43.6334785)
43.63571,-79.40484,POINT (-79.40484 43.63571)
43.65762,-79.40769,POINT (-79.40769 43.65762)
43.66024,-79.33603,POINT (-79.33603 43.66024)
43.66048375,-79.35984506,POINT (-79.35984505853618 43.66048374665323)
43.66936,-79.45201,POINT (-79.45201 43.66936)
43.7698958,-79.41537021,POINT (-79.41537020671757 43.76989580011977)
43.70978321,-79.51127347,POINT (-79.51127347412825 43.709783211102966)
43.78279,-79.44078,POINT (-79.44078 43.78279)
43.64028,-79.37682,POINT (-79.37682 43.64028)
43.68245,-79.51744,POINT (-79.51744 43.68245)
43.7638624,-79.2472017,POINT (-79.24720169999999 43.7638624)
43.76089,-79.41258,POINT (-79.41258 43.76089)
43.64232,-79.38028,POINT (-79.38028 43.64232)
43.65128447,-79.44970826,POINT (-79.44970825755209 43.651284472391126)
43.67287,-79.4195,POINT (-79.4195 43.67287)
43.67795,-79.41305,POINT (-79.41305 43.67795)
43.75289,-79.24432,POINT (-79.24432 43.75289)
43.68016033,-79.34523294,POINT (-79.34523294439037 43.6801603342837)
43.79907745,-79.41257583,POINT (-79.41257582686637 43.79907744779791)
43.73569,-79.48247,POINT (-79.48247 43.73569)
43.6655193,-79.3348903,POINT (-79.33489030000001 43.6655193)
43.63667355,-79.40049601,POINT (-79.40049600580288 43.63667355398092)
43.73838,-79.58599,POINT (-79.58599 43.73838)
43.7605723,-79.1745392,POINT (-79.1745392 43.7605723)
43.66747,-79.4265,POINT (-79.4265 43.66747)
43.73286247,-79.47649178,POINT (-79.4764917802323 43.73286247159532)
43.64228,-79.3809,POINT (-79.3809 43.64228)
43.64348,-79.37997,POINT (-79.37997 43.64348)
43.65632838,-79.37464251,POINT (-79.37464250814726 43.65632837584857)
43.6398431,-79.3979199,POINT (-79.39791989999999 43.6398431)
43.65839738,-79.39960876,POINT (-79.39960876450507 43.65839737972196)
43.78987913,-79.14162206,POINT (-79.14162206054965 43.7898791301518)
43.79436,-79.41078,POINT (-79.41078 43.79436)
43.63875,-79.38135,POINT (-79.38135 43.63875)
43.76796,-79.19822,POINT (-79.19822 43.76796)
43.76346671,-79.40617397,POINT (-79.40617396623729 43.76346670737229)
43.6448934,-79.4264878,POINT (-79.42648779999999 43.6448934)
43.66948,-79.45746,POINT (-79.45746 43.66948)
43.6482,-79.39178,POINT (-79.39178 43.6482)
43.67066,-79.37989,POINT (-79.37989 43.67066)
43.69514,-79.42212,POINT (-79.42212 43.69514)
43.72734167,-79.50363772,POINT (-79.50363772128098 43.72734167207626)
43.73457,-79.48528,POINT (-79.48528 43.73457)
43.78609,-79.32936,POINT (-79.32936 43.78609)
43.64465,-79.44199,POINT (-79.44199 43.64465)
43.6534388,-79.3791843,POINT (-79.37918429999999 43.6534388)
43.64715,-79.41699,POINT (-79.41699 43.64715)
43.64502,-79.40063,POINT (-79.40063 43.64502)
43.59742,-79.52326,POINT (-79.52326 43.59742)
43.76706,-79.36028,POINT (-79.36028 43.76706)
43.7440968,-79.3232479,POINT (-79.3232479 43.7440968)
43.64394437,-79.38991933,POINT (-79.3899193290415 43.64394436947904)
43.6839,-79.41993,POINT (-79.41993 43.6839)
43.64004,-79.41451,POINT (-79.41451 43.64004)
43.71143,-79.38293,POINT (-79.38293 43.71143)
43.63933159,-79.38026516,POINT (-79.38026516147623 43.63933159237177)
43.71051,-79.3234,POINT (-79.3234 43.71051)
43.66996,-79.42983,POINT (-79.42983 43.66996)
43.68878,-79.45815,POINT (-79.45815 43.68878)
43.63845,-79.46673,POINT (-79.46673 43.63845)
43.64529,-79.37752,POINT (-79.37752 43.64529)
43.65622,-79.41717,POINT (-79.41717 43.65622)
43.6602,-79.34846,POINT (-79.34846 43.6602)
43.73574,-79.47568,POINT (-79.47568 43.73574)
43.67144,-79.39382,POINT (-79.39382 43.67144)
43.71827227,-79.44855154,POINT (-79.44855153570934 43.71827227356364)
43.66902,-79.37084,POINT (-79.37084 43.66902)
43.6825275,-79.4494589,POINT (-79.4494589 43.6825275)
43.64305,-79.40129,POINT (-79.40129 43.64305)
43.68367,-79.2773,POINT (-79.2773 43.68367)
43.67651,-79.44666,POINT (-79.44666 43.67651)
43.6419,-79.38203,POINT (-79.38203 43.6419)
43.65213,-79.43692,POINT (-79.43692 43.65213)
43.70705,-79.25411,POINT (-79.25411 43.70705)
43.69234,-79.43847,POINT (-79.43847 43.69234)
43.6708,-79.29413,POINT (-79.29413 43.6708)
43.65371923,-79.40023843,POINT (-79.40023843241917 43.65371923077706)
43.6475172,-79.3927031,POINT (-79.39270309999999 43.6475172)
43.77428871,-79.41949274,POINT (-79.41949273678497 43.77428870797303)
43.713505,-79.5019577,POINT (-79.50195769999999 43.713505)
43.79228,-79.39549,POINT (-79.39549 43.79228)
43.6075489,-79.5361728,POINT (-79.5361728 43.6075489)
43.64751405,-79.40211985,POINT (-79.40211985283668 43.64751404674254)
43.6546053,-79.442767,POINT (-79.442767 43.65460530000001)
43.66582,-79.43515,POINT (-79.43515 43.66582)
43.66243,-79.43024,POINT (-79.43024 43.66243)
43.69259,-79.47094,POINT (-79.47094 43.69259)
43.6444441,-79.3763883,POINT (-79.3763883 43.6444441)
43.81984,-79.27126,POINT (-79.27126 43.81984)
43.6494704,-79.4336892,POINT (-79.43368920000002 43.64947040000001)
43.67062,-79.55241,POINT (-79.55241 43.67062)
43.67984009,-79.43488312,POINT (-79.43488311767578 43.67984008789063)
43.6369007,-79.4049462,POINT (-79.4049462 43.6369007)
43.63954,-79.5592,POINT (-79.5592 43.63954)
43.642,-79.40116,POINT (-79.40116 43.642)
43.66166,-79.38302,POINT (-79.38302 43.66166)
43.64031,-79.39313,POINT (-79.39313 43.64031)
43.79514,-79.41273,POINT (-79.41273 43.79514)
43.6826212,-79.4259011,POINT (-79.42590109999999 43.6826212)
43.7103128,-79.3831156,POINT (-79.3831156 43.7103128)
43.75841945,-79.46225857,POINT (-79.46225856650511 43.75841945423389)
43.68923833,-79.46543128,POINT (-79.46543128196907 43.68923833060544)
43.75773,-79.40315,POINT (-79.40315 43.75773)
43.70586,-79.38469,POINT (-79.38469 43.70586)
43.6495729,-79.3880901,POINT (-79.3880901 43.6495729)
43.7268452,-79.5359159,POINT (-79.53591589999999 43.7268452)
43.63808,-79.40094,POINT (-79.40094 43.63808)
43.64815,-79.40424,POINT (-79.40424 43.64815)
43.6717197,-79.2888724,POINT (-79.2888724 43.6717197)
43.81030508,-79.22665284,POINT (-79.22665284386999 43.810305083514216)
43.78343,-79.33488,POINT (-79.33488 43.78343)
43.66294,-79.34192,POINT (-79.34192 43.66294)
43.6441277,-79.3894058,POINT (-79.38940579999999 43.6441277)
43.68784,-79.28693,POINT (-79.28693 43.68784)
43.64463542,-79.38843009,POINT (-79.38843009020339 43.64463541973743)
43.78234812,-79.4004516,POINT (-79.40045160321844 43.78234811502746)
43.60141,-79.5025,POINT (-79.5025 43.60141)
43.7636,-79.36663,POINT (-79.36663 43.7636)
43.65851,-79.36776,POINT (-79.36776 43.65851)
43.67627,-79.35031,POINT (-79.35031 43.67627)
43.78958518,-79.27673355,POINT (-79.27673354744911 43.7895851804675)
43.64601548,-79.45464092,POINT (-79.45464091586571 43.64601547762274)
43.65966,-79.36754,POINT (-79.36754 43.65966)
43.67989937,-79.43407198,POINT (-79.43407198332875 43.6798993686764)
43.75050991,-79.50181397,POINT (-79.50181396982033 43.75050991011794)
43.72995,-79.53364,POINT (-79.53364 43.72995)
43.78021,-79.43755,POINT (-79.43755 43.78021)
43.64323067,-79.38821556,POINT (-79.38821556470066 43.64323067188056)
43.7761344,-79.2924823,POINT (-79.2924823 43.7761344)
43.67041773,-79.304963,POINT (-79.30496299514617 43.67041773212241)
43.72714,-79.26751,POINT (-79.26751 43.72714)
43.66931,-79.35356,POINT (-79.35356 43.66931)
43.6576902,-79.5287513,POINT (-79.5287513 43.6576902)
43.63952003,-79.41461329,POINT (-79.41461328868247 43.63952002810829)
43.65851,-79.56559,POINT (-79.56559 43.65851)
43.80393,-79.37902,POINT (-79.37902 43.80393)
43.64045,-79.39719,POINT (-79.39719 43.64045)
43.64763,-79.39041,POINT (-79.39041 43.64763)
43.66079015,-79.38921865,POINT (-79.3892186519435 43.66079014528911)
43.75024,-79.29144,POINT (-79.29144 43.75024)
43.68126928,-79.47012618,POINT (-79.4701261818409 43.68126928361895)
43.67157,-79.3484,POINT (-79.3484 43.67157)
43.77668,-79.42477,POINT (-79.42477 43.77668)
43.7056569,-79.3974547,POINT (-79.3974547 43.7056569)
43.6689,-79.44057,POINT (-79.44057 43.6689)
43.69812449,-79.39319489,POINT (-79.39319489187865 43.69812448517388)
43.63879,-79.41467,POINT (-79.41467 43.63879)
43.63529664,-79.43144765,POINT (-79.4314476533031 43.6352966433506)
43.65662,-79.36178,POINT (-79.36178 43.65662)
43.6441277,-79.3894058,POINT (-79.38940579999999 43.6441277)
43.66843,-79.37541,POINT (-79.37541 43.66843)
43.64289307,-79.3829354,POINT (-79.38293540209928 43.64289306934754)
43.64766,-79.40961,POINT (-79.40961 43.64766)
43.64878232,-79.48616205,POINT (-79.48616205115907 43.648782322215375)
43.63760869,-79.55698296,POINT (-79.55698296229404 43.63760868877572)
43.73840232,-79.24081387,POINT (-79.24081386504584 43.73840231862768)
43.64775,-79.39169,POINT (-79.39169 43.64775)
43.636642,-79.4057224,POINT (-79.4057224 43.63664199999999)
43.73893,-79.26172,POINT (-79.26172 43.73893)
43.66389808,-79.38733042,POINT (-79.38733041983528 43.663898081854704)
43.7489707,-79.2850475,POINT (-79.28504749999999 43.7489707)
43.72906025,-79.34102519,POINT (-79.34102518518807 43.72906024509414)
43.64611,-79.39334,POINT (-79.39334 43.64611)
43.65654769,-79.37489702,POINT (-79.37489702046379 43.65654769077456)
43.73311446,-79.32379391,POINT (-79.32379391044378 43.73311445671091)
43.75131,-79.31023,POINT (-79.31023 43.75131)
43.629047,-79.496094,POINT (-79.496094 43.629047)
43.66266924,-79.37600733,POINT (-79.37600732721118 43.66266924037087)
43.6684,-79.48291,POINT (-79.48291 43.6684)
43.64751,-79.3927,POINT (-79.3927 43.64751)
43.66736658,-79.45300781,POINT (-79.45300781418402 43.66736657988984)
43.63962865,-79.39797822,POINT (-79.39797821722941 43.63962864525047)
43.72685,-79.53494,POINT (-79.53494 43.72685)
43.62164,-79.49816,POINT (-79.49816 43.62164)
43.63695,-79.39586,POINT (-79.39586 43.63695)
43.67244,-79.28464,POINT (-79.28464 43.67244)
43.6428235,-79.40333125,POINT (-79.4033312513261 43.64282349889584)
43.78211,-79.36544,POINT (-79.36544 43.78211)
43.64658161,-79.54118977,POINT (-79.54118976720507 43.64658161438302)
43.6703938,-79.3943028,POINT (-79.39430279999999 43.6703938)
43.63873,-79.4432,POINT (-79.4432 43.63873)
43.75903926,-79.4202009,POINT (-79.42020089989235 43.759039264450415)
43.72387,-79.42829,POINT (-79.42829 43.72387)
43.63813,-79.41916,POINT (-79.41916 43.63813)
43.68672,-79.29328,POINT (-79.29328 43.68672)
43.77708,-79.39352,POINT (-79.39352 43.77708)
43.66641235,-79.42733765,POINT (-79.42733764648438 43.666412353515625)
43.66697,-79.36869,POINT (-79.36869 43.66697)
43.64768,-79.37398,POINT (-79.37398 43.64768)
43.78112975,-79.34491213,POINT (-79.3449121323162 43.78112974504088)
43.64956,-79.45328,POINT (-79.45328 43.64956)
43.75584105,-79.31037589,POINT (-79.3103758866786 43.75584104853942)
43.67243802,-79.50097325,POINT (-79.50097325065504 43.672438020975925)
43.69406,-79.28723,POINT (-79.28723 43.69406)
43.66475921,-79.32369442,POINT (-79.32369442284379 43.66475920696386)
43.64946,-79.36794,POINT (-79.36794 43.64946)
43.66591406,-79.38609051,POINT (-79.38609051040521 43.66591405780754)
43.77991,-79.41589,POINT (-79.41589 43.77991)
43.69098,-79.32162,POINT (-79.32162 43.69098)
43.64221,-79.40102,POINT (-79.40102 43.64221)
43.65383712,-79.42084135,POINT (-79.42084135255536 43.65383711512492)
43.64042,-79.39895,POINT (-79.39895 43.64042)
43.69688,-79.447731,POINT (-79.447731 43.69688)
43.63919,-79.41539,POINT (-79.41539 43.63919)
43.65775,-79.42634,POINT (-79.42634 43.65775)
43.72064,-79.33667,POINT (-79.33667 43.72064)
43.64162,-79.38105,POINT (-79.38105 43.64162)
43.64908,-79.4253,POINT (-79.4253 43.64908)
43.65859069,-79.4529816,POINT (-79.45298160174937 43.65859069115932)
43.67171,-79.38406,POINT (-79.38406 43.67171)
43.67347,-79.3534,POINT (-79.3534 43.67347)
43.67721,-79.32983,POINT (-79.32983 43.67721)
43.6615761,-79.38673644,POINT (-79.38673644101819 43.66157610115899)
43.6404039,-79.3973086,POINT (-79.3973086 43.6404039)
43.63507,-79.42725,POINT (-79.42725 43.63507)
43.74159,-79.44936,POINT (-79.44936 43.74159)
43.6809,-79.30485,POINT (-79.30485 43.6809)
43.64846,-79.39708,POINT (-79.39708 43.64846)
43.68508,-79.28942,POINT (-79.28942 43.68508)
43.7325665,-79.2755301,POINT (-79.2755301 43.7325665)
43.65207037,-79.35495061,POINT (-79.35495061195759 43.65207037383126)
43.66202,-79.4789,POINT (-79.4789 43.66202)
43.63718,-79.41781,POINT (-79.41781 43.63718)
43.65710838,-79.37568997,POINT (-79.37568997277016 43.65710838258573)
43.67080295,-79.43386402,POINT (-79.43386402141418 43.67080294652537)
43.65309,-79.37827,POINT (-79.37827 43.65309)
43.77523,-79.22903,POINT (-79.22903 43.77523)
43.74366832,-79.32698724,POINT (-79.32698723817686 43.74366832499688)
43.6441277,-79.3894058,POINT (-79.38940579999999 43.6441277)
43.7357347,-79.4807028,POINT (-79.4807028 43.73573469999999)
43.79839816,-79.39707135,POINT (-79.39707134758045 43.79839815942845)
43.76847131,-79.40271948,POINT (-79.4027194812856 43.76847131346619)
43.67069,-79.38708,POINT (-79.38708 43.67069)
43.64239805,-79.37968069,POINT (-79.37968069286448 43.64239804894801)
43.78998,-79.41447,POINT (-79.41447 43.78998)
43.77478,-79.43052,POINT (-79.43052 43.77478)
43.67705,-79.33772,POINT (-79.33772 43.67705)
43.6361,-79.44249,POINT (-79.44249 43.6361)
43.81494,-79.33264,POINT (-79.33264 43.81494)
43.66601,-79.33224,POINT (-79.33224 43.66601)
43.7068,-79.46608,POINT (-79.46608 43.7068)
43.64320818,-79.37195282,POINT (-79.37195282314875 43.64320817962738)
43.78979,-79.38734,POINT (-79.38734 43.78979)
43.64803049,-79.41096654,POINT (-79.41096653773023 43.64803049391645)
43.64145,-79.38161,POINT (-79.38161 43.64145)
43.67229,-79.46277,POINT (-79.46277 43.67229)
43.65644,-79.46985,POINT (-79.46985 43.65644)
43.80063926,-79.37822989,POINT (-79.37822989110812 43.800639262080175)
43.73724,-79.24321,POINT (-79.24321 43.73724)
43.64046093,-79.38115697,POINT (-79.38115697354078 43.64046092917877)
43.65595,-79.35878,POINT (-79.35878 43.65595)
43.73417687,-79.47588935,POINT (-79.47588935442553 43.73417687137579)
43.68537,-79.32353,POINT (-79.32353 43.68537)
43.67341,-79.35185,POINT (-79.35185 43.67341)
43.64637,-79.39373,POINT (-79.39373 43.64637)
43.64067624,-79.38302212,POINT (-79.38302211545975 43.64067623691015)
43.72694,-79.3985,POINT (-79.3985 43.72694)
43.64007,-79.41504,POINT (-79.41504 43.64007)
43.67118936,-79.39362246,POINT (-79.39362245933549 43.67118936270512)
43.64494,-79.42215,POINT (-79.42215 43.64494)
43.75506378,-79.27816727,POINT (-79.27816727283887 43.755063775730285)
43.77031217,-79.16202555,POINT (-79.16202554528668 43.770312172118)
43.77988,-79.38423,POINT (-79.38423 43.77988)
43.66022,-79.37512,POINT (-79.37512 43.66022)
43.6440041,-79.53737664,POINT (-79.53737663844704 43.64400409910766)
43.6585317,-79.45559823,POINT (-79.45559822953298 43.6585316988555)
43.65101273,-79.41138835,POINT (-79.41138834950999 43.65101273090295)
43.66608,-79.38157,POINT (-79.38157 43.66608)
43.66797586,-79.38454272,POINT (-79.38454272048878 43.66797586379519)
43.69613536,-79.45514531,POINT (-79.45514531150427 43.69613535797778)
43.76784,-79.49828,POINT (-79.49828 43.76784)
43.6715929,-79.3908687,POINT (-79.3908687 43.6715929)
43.6573763,-79.3741082,POINT (-79.3741082 43.6573763)
43.77995588,-79.35588036,POINT (-79.35588036256561 43.77995588169604)
43.64391,-79.38029,POINT (-79.38029 43.64391)
43.7980528,-79.3788762,POINT (-79.3788762 43.7980528)
43.7345918,-79.47721579,POINT (-79.47721578533856 43.73459179798895)
43.74698741,-79.49295872,POINT (-79.49295872047686 43.74698740558394)
43.65499797,-79.44582592,POINT (-79.44582592051381 43.65499797475493)
43.71879684,-79.48235689,POINT (-79.4823568862061 43.718796836703895)
43.71404,-79.50273,POINT (-79.50273 43.71404)
43.65787,-79.3851,POINT (-79.3851 43.65787)
43.59335974,-79.53310764,POINT (-79.53310763649738 43.59335973744685)
43.7382,-79.27347,POINT (-79.27347 43.7382)
43.66811,-79.48222,POINT (-79.48222 43.66811)
43.6480118,-79.39208384,POINT (-79.39208384412649 43.64801179972735)
43.73025,-79.57633,POINT (-79.57633 43.73025)
43.68473109,-79.32537415,POINT (-79.32537414997304 43.68473109186876)
43.64715,-79.39294,POINT (-79.39294 43.64715)
43.70994,-79.39741,POINT (-79.39741 43.70994)
43.66012,-79.42127,POINT (-79.42127 43.66012)
43.64494937,-79.40253872,POINT (-79.40253872165651 43.64494937234996)
43.66565,-79.43883,POINT (-79.43883 43.66565)
43.69671,-79.53738,POINT (-79.53738 43.69671)
43.75245,-79.58555,POINT (-79.58555 43.75245)
43.71827,-79.44994,POINT (-79.44994 43.71827)
43.65305,-79.45495,POINT (-79.45495 43.65305)
43.6880337,-79.45265049,POINT (-79.45265048746245 43.68803369525099)
43.63831,-79.39999,POINT (-79.39999 43.63831)
43.67899409,-79.30952634,POINT (-79.30952634298335 43.67899408526851)
43.77038,-79.30382,POINT (-79.30382 43.77038)
43.67032,-79.39443,POINT (-79.39443 43.67032)
43.63577,-79.40401,POINT (-79.40401 43.63577)
43.74924194,-79.40251804,POINT (-79.40251804029124 43.74924194424918)
43.64131621,-79.3951581,POINT (-79.39515810459852 43.64131620864329)
43.77426,-79.25699,POINT (-79.25699 43.77426)
43.77821704,-79.41960692,POINT (-79.41960692151947 43.77821703745168)
43.76717662,-79.50199049,POINT (-79.50199049114372 43.767176619823566)
43.65394362,-79.41112797,POINT (-79.41112797373327 43.65394362013724)
43.65829535,-79.40672753,POINT (-79.40672753236605 43.65829534606201)
43.80497,-79.35101,POINT (-79.35101 43.80497)
43.71929211,-79.39621224,POINT (-79.39621224205248 43.71929210858541)
43.65249,-79.37097,POINT (-79.37097 43.65249)
43.7760207,-79.3574225,POINT (-79.3574225 43.7760207)
43.64534028,-79.39118906,POINT (-79.3911890641622 43.64534027530963)
43.64166,-79.38243,POINT (-79.38243 43.64166)
43.6625574,-79.35789265,POINT (-79.3578926480367 43.662557404215256)
43.69317,-79.56338,POINT (-79.56338 43.69317)
43.72589,-79.58693,POINT (-79.58693 43.72589)
43.7724026,-79.4256194,POINT (-79.4256194 43.7724026)
43.64282,-79.38122,POINT (-79.38122 43.64282)
43.74068,-79.30304,POINT (-79.30304 43.74068)
43.6577,-79.44762,POINT (-79.44762 43.6577)
43.6793935,-79.3309721,POINT (-79.3309721 43.6793935)
43.64456,-79.40117,POINT (-79.40117 43.64456)
43.75242,-79.51224,POINT (-79.51224 43.75242)
43.68461,-79.35,POINT (-79.35 43.68461)
43.71785,-79.23474,POINT (-79.23474 43.71785)
43.73777,-79.59767,POINT (-79.59767 43.73777)
43.65014,-79.38877,POINT (-79.38877 43.65014)
43.61193351,-79.53819619,POINT (-79.53819619220724 43.61193350558851)
43.66395268,-79.38226316,POINT (-79.3822631624156 43.66395267978675)
43.66082599,-79.42665644,POINT (-79.42665644232788 43.660825986722365)
43.62885,-79.51231,POINT (-79.51231 43.62885)
43.72061656,-79.33613623,POINT (-79.33613623174047 43.72061655698398)
43.70584,-79.41894,POINT (-79.41894 43.70584)
43.74207,-79.5122,POINT (-79.5122 43.74207)
43.6441277,-79.3894058,POINT (-79.38940579999999 43.6441277)
43.72287,-79.4458,POINT (-79.4458 43.72287)
43.76419,-79.51082,POINT (-79.51082 43.76419)
43.644,-79.37986,POINT (-79.37986 43.644)
43.678459,-79.4980063,POINT (-79.4980063 43.678459)
43.6417442,-79.3819559,POINT (-79.3819559 43.6417442)
43.6442315,-79.4018613,POINT (-79.4018613 43.6442315)
43.6667,-79.40754,POINT (-79.40754 43.6667)
43.66888,-79.43762,POINT (-79.43762 43.66888)
43.73692702,-79.48148509,POINT (-79.48148509104237 43.73692701638225)
43.69174062,-79.32611597,POINT (-79.32611596543244 43.69174061561535)
43.6398431,-79.3979199,POINT (-79.39791989999999 43.6398431)
43.6636426,-79.3579069,POINT (-79.3579069 43.6636426)
43.64835,-79.42271,POINT (-79.42271 43.64835)
43.64155,-79.38146,POINT (-79.38146 43.64155)
43.65116763,-79.41351293,POINT (-79.41351292524892 43.65116762994193)
43.6445769,-79.38833164,POINT (-79.38833164176151 43.64457689917027)
43.76643,-79.43419,POINT (-79.43419 43.76643)
43.65467,-79.38009,POINT (-79.38009 43.65467)
43.7636681,-79.50359242,POINT (-79.50359242274543 43.76366810070151)
43.67481,-79.32268,POINT (-79.32268 43.67481)
43.65878,-79.36906,POINT (-79.36906 43.65878)
43.73440411,-79.4762412,POINT (-79.47624120055974 43.73440410601935)
43.6398,-79.45193,POINT (-79.45193 43.6398)
43.66868,-79.42866,POINT (-79.42866 43.66868)
43.66826,-79.38285,POINT (-79.38285 43.66826)
43.6546556,-79.4059252,POINT (-79.4059252 43.6546556)
43.67667329,-79.30680443,POINT (-79.30680442954564 43.67667328985331)
43.68993,-79.44171,POINT (-79.44171 43.68993)
43.6992859,-79.5616147,POINT (-79.56161469999999 43.6992859)
43.69473,-79.51861,POINT (-79.51861 43.69473)
43.77793,-79.44951,POINT (-79.44951 43.77793)
43.68783,-79.29985,POINT (-79.29985 43.68783)
43.67651,-79.30359,POINT (-79.30359 43.67651)
43.73689139,-79.48966574,POINT (-79.48966573654015 43.736891387281645)
43.71873022,-79.48886917,POINT (-79.48886916659701 43.71873021815062)
43.64004974,-79.52651291,POINT (-79.52651291363044 43.64004973981685)
43.64131268,-79.382815,POINT (-79.38281499671558 43.64131267605829)
43.6736397,-79.4354125,POINT (-79.4354125 43.6736397)
43.6417442,-79.3819559,POINT (-79.3819559 43.6417442)
43.62503,-79.48873,POINT (-79.48873 43.62503)
43.66851,-79.42475,POINT (-79.42475 43.66851)
43.79322822,-79.29993237,POINT (-79.29993236571738 43.7932282166651)
43.76833238,-79.25998728,POINT (-79.25998728405068 43.76833238202081)
43.70205,-79.24569,POINT (-79.24569 43.70205)
43.7850767,-79.3327593,POINT (-79.33275929999999 43.7850767)
43.67233,-79.44376,POINT (-79.44376 43.67233)
43.76653,-79.45709,POINT (-79.45709 43.76653)
43.78274117,-79.42279544,POINT (-79.42279543526992 43.78274116783794)
43.76687393,-79.50437739,POINT (-79.50437738947363 43.766873934808)
43.60549,-79.53825,POINT (-79.53825 43.60549)
43.7339,-79.39394,POINT (-79.39394 43.7339)
43.65563,-79.40292,POINT (-79.40292 43.65563)
43.66717606,-79.31689823,POINT (-79.31689822792801 43.66717605760515)
43.64261696,-79.38278347,POINT (-79.38278346740378 43.64261695908993)
43.67413244,-79.46919375,POINT (-79.46919374532816 43.674132438687536)
43.64067,-79.39883,POINT (-79.39883 43.64067)
43.65517521,-79.43077513,POINT (-79.43077513351847 43.655175213344414)
43.65302,-79.36943,POINT (-79.36943 43.65302)
43.62487,-79.48757,POINT (-79.48757 43.62487)
43.66143883,-79.34710922,POINT (-79.34710922014392 43.6614388266432)
43.65818,-79.37107,POINT (-79.37107 43.65818)
43.63958,-79.42143,POINT (-79.42143 43.63958)
43.60180424,-79.51873993,POINT (-79.51873993152051 43.601804239223874)
43.73627004,-79.22888126,POINT (-79.2288812622428 43.73627004164511)
43.70771,-79.24545,POINT (-79.24545 43.70771)
43.64079,-79.41164,POINT (-79.41164 43.64079)
43.65597,-79.42554,POINT (-79.42554 43.65597)
43.67032,-79.39443,POINT (-79.39443 43.67032)
43.66082857,-79.3866202,POINT (-79.38662020048884 43.6608285741416)
43.71882,-79.33757,POINT (-79.33757 43.71882)
43.65609,-79.40771,POINT (-79.40771 43.65609)
43.660652,-79.370071,POINT (-79.370071 43.660652)
43.66931,-79.47733,POINT (-79.47733 43.66931)
43.6396,-79.45237,POINT (-79.45237 43.6396)
43.67470227,-79.41192857,POINT (-79.41192857217808 43.67470226910565)
43.70507511,-79.38912853,POINT (-79.38912852675192 43.705075111270574)
43.74466557,-79.32702155,POINT (-79.32702154501318 43.74466557274067)
43.64088084,-79.38279553,POINT (-79.38279553227237 43.64088084339936)
43.66329,-79.34033,POINT (-79.34033 43.66329)
43.64919,-79.36193,POINT (-79.36193 43.64919)
43.70991,-79.28801,POINT (-79.28801 43.70991)
43.81327,-79.33245,POINT (-79.33245 43.81327)
43.74635,-79.30831,POINT (-79.30831 43.74635)
43.68477,-79.34854,POINT (-79.34854 43.68477)
43.63869,-79.38151,POINT (-79.38151 43.63869)
43.67192,-79.4294771,POINT (-79.4294771 43.67192)
43.67885094,-79.29337863,POINT (-79.29337862612098 43.678850944661846)
43.66498,-79.47546,POINT (-79.47546 43.66498)
43.66876,-79.37538,POINT (-79.37538 43.66876)
43.7607062,-79.3188423,POINT (-79.3188423 43.7607062)
43.67773197,-79.28896012,POINT (-79.2889601204835 43.6777319742202)
43.66048,-79.33368,POINT (-79.33368 43.66048)
43.65901,-79.36933,POINT (-79.36933 43.65901)
43.68268,-79.35324,POINT (-79.35324 43.68268)
43.73424,-79.31428,POINT (-79.31428 43.73424)
43.76451616,-79.37394686,POINT (-79.37394686043262 43.76451616188351)
43.65695,-79.37521,POINT (-79.37521 43.65695)
43.64468,-79.39274,POINT (-79.39274 43.64468)
43.66477658,-79.38198036,POINT (-79.38198035761195 43.66477658048044)
43.64724,-79.41037,POINT (-79.41037 43.64724)
43.70915616,-79.29544101,POINT (-79.2954410125416 43.7091561598977)
43.67087868,-79.44673751,POINT (-79.4467375112926 43.67087868435774)
43.6697,-79.37763,POINT (-79.37763 43.6697)
43.74427359,-79.35438817,POINT (-79.35438816562737 43.74427359371426)
43.73644006,-79.26442781,POINT (-79.26442780520863 43.73644005559415)
43.6417442,-79.3819559,POINT (-79.3819559 43.6417442)
43.7680628,-79.49881231,POINT (-79.4988123139977 43.76806279530767)
43.75381,-79.46319,POINT (-79.46319 43.75381)
43.68836388,-79.5460235,POINT (-79.54602349619526 43.68836387694649)
43.69318,-79.45003,POINT (-79.45003 43.69318)
43.80075264,-79.22929279,POINT (-79.22929278773266 43.80075264350649)
43.64893,-79.41827,POINT (-79.41827 43.64893)
43.63579,-79.4052,POINT (-79.4052 43.63579)
43.70565,-79.27675,POINT (-79.27675 43.70565)
43.67462,-79.43106,POINT (-79.43106 43.67462)
43.76052,-79.25347,POINT (-79.25347 43.76052)
43.66362017,-79.55091295,POINT (-79.55091295463058 43.663620171634015)
43.65803,-79.36828,POINT (-79.36828 43.65803)
43.6564134,-79.40233166,POINT (-79.40233165867183 43.65641339844793)
43.82206,-79.20261,POINT (-79.20261 43.82206)
43.63981,-79.43179,POINT (-79.43179 43.63981)
43.64506,-79.39115,POINT (-79.39115 43.64506)
43.65627,-79.45863,POINT (-79.45863 43.65627)
43.64284029,-79.40824583,POINT (-79.40824583491822 43.64284028813703)
43.64175,-79.57509,POINT (-79.57509 43.64175)
43.64746926,-79.44705835,POINT (-79.44705834705316 43.64746926299711)
43.74277293,-79.26318385,POINT (-79.26318385334943 43.74277293082961)
43.6476,-79.42538,POINT (-79.42538 43.6476)
43.74507,-79.35696,POINT (-79.35696 43.74507)
43.7735266,-79.329593,POINT (-79.329593 43.7735266)
43.66682171,-79.40506384,POINT (-79.40506383776665 43.66682170790156)
43.64321699,-79.38272405,POINT (-79.38272405233737 43.64321699179569)
43.65684847,-79.37595356,POINT (-79.37595355980226 43.65684847433117)
43.64416813,-79.53888472,POINT (-79.53888471820883 43.644168131914846)
43.65871813,-79.43184239,POINT (-79.43184238754047 43.658718127042846)
43.74917,-79.56911,POINT (-79.56911 43.74917)
43.78688,-79.40897,POINT (-79.40897 43.78688)
43.66284,-79.33906,POINT (-79.33906 43.66284)
43.76799,-79.50201,POINT (-79.50201 43.76799)
43.67169,-79.37795,POINT (-79.37795 43.67169)
43.62372483,-79.4826521,POINT (-79.48265209794044 43.62372483473228)
43.60048,-79.51037,POINT (-79.51037 43.60048)
43.6801294,-79.3469407,POINT (-79.3469407 43.6801294)
43.69273,-79.30518,POINT (-79.30518 43.69273)
43.6441366,-79.3819784,POINT (-79.3819784 43.6441366)
43.67754,-79.4116,POINT (-79.4116 43.67754)
43.76807,-79.5018,POINT (-79.5018 43.76807)
43.66755,-79.31366,POINT (-79.31366 43.66755)
43.64191511,-79.38253663,POINT (-79.38253662909548 43.64191511363578)
43.64169,-79.39921,POINT (-79.39921 43.64169)
43.68463,-79.40412,POINT (-79.40412 43.68463)
43.64981,-79.40995,POINT (-79.40995 43.64981)
43.6692,-79.42759,POINT (-79.42759 43.6692)
43.60584,-79.50753,POINT (-79.50753 43.60584)
43.674,-79.28468,POINT (-79.28468 43.674)
43.68141,-79.4212,POINT (-79.4212 43.68141)
43.64820782,-79.39188369,POINT (-79.39188368798031 43.648207817699685)
43.65752,-79.43799,POINT (-79.43799 43.65752)
43.6397827,-79.3979467,POINT (-79.39794669999999 43.6397827)
43.72427,-79.26327,POINT (-79.26327 43.72427)
43.77846532,-79.28009801,POINT (-79.28009800757772 43.77846531623058)
43.77475,-79.41686,POINT (-79.41686 43.77475)
43.64316058,-79.38915672,POINT (-79.3891567169934 43.64316057627158)
43.81321,-79.33353,POINT (-79.33353 43.81321)
43.66434,-79.42496,POINT (-79.42496 43.66434)
43.79478,-79.42699,POINT (-79.42699 43.79478)
43.723122,-79.393127,POINT (-79.393127 43.723122)
43.7780781,-79.3203817,POINT (-79.3203817 43.77807809999999)
43.696,-79.39085,POINT (-79.39085 43.696)
43.75981581,-79.4605177,POINT (-79.46051769818922 43.75981580884579)
43.62381,-79.50104,POINT (-79.50104 43.62381)
43.6425878,-79.38255257,POINT (-79.3825525678226 43.64258780386367)
43.74531,-79.32718,POINT (-79.32718 43.74531)
43.64342,-79.39693,POINT (-79.39693 43.64342)
43.64123735,-79.4142732,POINT (-79.41427320241928 43.64123735359932)
43.63956396,-79.57672853,POINT (-79.57672852828576 43.63956395958429)
43.82129,-79.20652,POINT (-79.20652 43.82129)
43.66948,-79.37831,POINT (-79.37831 43.66948)
43.65222029,-79.39158587,POINT (-79.39158586806984 43.65222028508228)
43.78442739,-79.35690515,POINT (-79.3569051495413 43.784427394632296)
43.64937,-79.44632,POINT (-79.44632 43.64937)
43.6450174,-79.3633565,POINT (-79.36335650000001 43.6450174)
43.63627,-79.47159,POINT (-79.47159 43.63627)
43.78131,-79.29019,POINT (-79.29019 43.78131)
43.72425,-79.53272,POINT (-79.53272 43.72425)
43.66383,-79.58599,POINT (-79.58599 43.66383)
43.64314,-79.38248,POINT (-79.38248 43.64314)
43.63717,-79.40143,POINT (-79.40143 43.63717)
43.65995,-79.48908,POINT (-79.48908 43.65995)
43.6497565,-79.4539259,POINT (-79.4539259 43.6497565)
43.6792,-79.56106,POINT (-79.56106 43.6792)
43.6647172,-79.3486459,POINT (-79.3486459 43.6647172)
43.69939,-79.39228,POINT (-79.39228 43.69939)
43.73903287,-79.44465332,POINT (-79.44465331678501 43.739032874979664)
43.70632,-79.2579,POINT (-79.2579 43.70632)
43.6999648,-79.299191,POINT (-79.299191 43.6999648)
43.81238625,-79.28147096,POINT (-79.28147096293347 43.81238624933628)
43.69994,-79.31635,POINT (-79.31635 43.69994)
43.64479,-79.39217,POINT (-79.39217 43.64479)
43.66545,-79.30479,POINT (-79.30479 43.66545)
43.6864,-79.31318,POINT (-79.31318 43.6864)
43.64368701,-79.41442781,POINT (-79.41442780573435 43.643687011324026)
43.64252,-79.39244,POINT (-79.39244 43.64252)
43.70617,-79.48999,POINT (-79.48999 43.70617)
43.77468503,-79.40710411,POINT (-79.40710411104935 43.77468503486472)
43.72285,-79.44438,POINT (-79.44438 43.72285)
43.594479,-79.50692,POINT (-79.50692 43.594479)
43.64235,-79.38284,POINT (-79.38284 43.64235)
43.64289,-79.38196,POINT (-79.38196 43.64289)
43.6635637,-79.32897073,POINT (-79.32897072909259 43.663563702959095)
43.7147515,-79.3045002,POINT (-79.30450019999999 43.7147515)
43.64542,-79.4527,POINT (-79.4527 43.64542)
43.62331089,-79.48122978,POINT (-79.4812297824952 43.62331088500688)
43.64785,-79.38622,POINT (-79.38622 43.64785)
43.66943,-79.38503,POINT (-79.38503 43.66943)
43.82237309,-79.30827923,POINT (-79.30827922636654 43.822373091614686)
43.6615249,-79.4503644,POINT (-79.4503644 43.6615249)
43.6587,-79.40296,POINT (-79.40296 43.6587)
43.64703814,-79.43600309,POINT (-79.43600308803143 43.647038138948425)
43.77108,-79.52241,POINT (-79.52241 43.77108)
43.75923,-79.44821,POINT (-79.44821 43.75923)
43.641541,-79.424072,POINT (-79.424072 43.641541)
43.64114,-79.43949,POINT (-79.43949 43.64114)
43.76124634,-79.41122526,POINT (-79.41122526414858 43.76124634127898)
43.6456237,-79.37585409,POINT (-79.37585409179216 43.645623704976245)
43.75938,-79.42439,POINT (-79.42439 43.75938)
43.74357901,-79.32726715,POINT (-79.32726714857516 43.74357901245601)
43.64378,-79.38843,POINT (-79.38843 43.64378)
43.72919,-79.25478,POINT (-79.25478 43.72919)
43.75391,-79.36159,POINT (-79.36159 43.75391)
43.65199,-79.43495,POINT (-79.43495 43.65199)
43.75555,-79.58811,POINT (-79.58811 43.75555)
43.7997761,-79.136564,POINT (-79.13656399999999 43.7997761)
43.6703938,-79.3943028,POINT (-79.39430279999999 43.6703938)
43.63609,-79.40485,POINT (-79.40485 43.63609)
43.64275,-79.38007,POINT (-79.38007 43.64275)
43.77057664,-79.40848186,POINT (-79.4084818562068 43.77057663678669)
43.71677,-79.36454,POINT (-79.36454 43.71677)
43.72432,-79.44671,POINT (-79.44671 43.72432)
43.68345,-79.31484,POINT (-79.31484 43.68345)
43.64756,-79.48026,POINT (-79.48026 43.64756)
43.61844,-79.50199,POINT (-79.50199 43.61844)
43.73801,-79.29638,POINT (-79.29638 43.73801)
43.68282,-79.28483,POINT (-79.28483 43.68282)
43.64997876,-79.36755375,POINT (-79.3675537498128 43.6499787649456)
43.69879,-79.44057,POINT (-79.44057 43.69879)
43.75887032,-79.44994941,POINT (-79.44994941407923 43.75887032282249)
43.67268,-79.38864,POINT (-79.38864 43.67268)
43.79944,-79.3508,POINT (-79.3508 43.79944)
43.67045,-79.30669,POINT (-79.30669 43.67045)